question,answer
현대 물리학에 관한 책 뭐가 좋아?,스티븐 호킹의 블랙홀
지구 온난화에 관한 책 뭐가 좋아?,기후 변화의 진실
환경 정책에 관한 책 추천해줄래?,지구를 부탁해
한국 전통 민속민속축제에 관한 책 추천해줘,한국의 민속과 축제
한국 전통 민담에 대한 책 뭐가 좋을까?,한국의 민담
심리 상담에 대한 책 추천해줘,심리치료의 기술
고대 메소포타미아에 관한 책 추천해줄래?,The Epic of Gilgamesh
한국 전통 민속소설에 관한 책 추천해줄래?,한국고전소설 연구의 방법적 지평
한국 사회에 관한 책 추천해줄래?,한국사회론
고대 아즈텍 문명에 대한 책 추천해줘,The Broken Spears: The Aztec Account of the Conquest of Mexico
고대 이집트에 관한 책 추천해줄래?,The Complete Temples of Ancient Egypt
아시아 문화에 관한 책 뭐가 좋아?,Asia: A Concise History
로봇 공학에 관한 책 뭐가 좋을까?,Introduction to Robotics: Mechanics and Control
심리학 역사에 대한 책 추천해줘,The Story of Psychology
디지털 마케팅에 대한 책 뭐가 좋을까?,Digital Marketing for Dummies
고대 이집트 역사에 관한 책 뭐가 좋을까?,The Rise and Fall of Ancient Egypt
고대 이집트 역사에 대한 책 추천해줄래?,The Rise and Fall of Ancient Egypt
심리학 개론에 대한 책 추천해줘,Psychology: A Very Short Introduction
한국 패션에 대한 책 뭐가 좋아?,The Birth of Korean Cool
서유럽 역사에 관한 책 추천해줄래?,A History of Western Europe
고전 예술에 관한 책 뭐가 좋을까?,The Story of Art
세계 경제에 관한 책 추천해줄래?,세계는 평평하다
신경과학에 대한 책 추천해줘,The Tell-Tale Brain
고대 동남아시아 문명에 관한 책 추천해줘,Southeast Asia: From Prehistory to History
미디어 역사에 대한 책 추천해줘,The Medium is the Massage
고전 음악에 관한 책 추천해줄래?,The Classical Music Book
사회 변화에 관한 책 추천해줄래?,사회의 미래
독일 역사에 대한 책 추천해줄래?,Germany: A History
현대 인공지능에 관한 책 뭐가 좋을까?,Artificial Intelligence: A Guide to Intelligent Systems
고대 로마 역사에 관한 책 뭐가 좋아?,The History of the Decline and Fall of the Roman Empire
의료 윤리에 관한 책 뭐가 좋을까?,의료윤리
고대 중국에 대한 책 뭐가 좋아?,The Early Chinese Empires: Qin and Han
생태학에 대한 책 뭐가 좋아?,Ecology: The Economy of Nature
환경 정책에 대한 책 추천해줘,실내식물
고대 중국 철학에 관한 책 뭐가 좋을까?,도덕경
한국 전통 건축에 관한 책 추천해줄래?,한국의 전통가옥
음악 분석에 대한 책 뭐가 좋을까?,Tonal Harmony
블록체인 기술에 대한 책 뭐가 좋을까?,블록체인 혁명
한국 전통 민속민속의례에 대한 책 뭐가 좋아?,한국의 민속과 풍속
화학 실험에 관한 책 뭐가 좋아?,The Golden Book of Chemistry Experiments
고대 그리스 문화에 대한 책 뭐가 좋아?,The Greeks: An Introduction to Their Culture
경제학에 대한 책 추천해줄래?,경제학 살롱
고전 철학에 대한 책 뭐가 좋아?,국가
한국 전통 의상에 관한 책 추천해줘,조선시대 우리옷 한복 이야기
기계 학습 알고리즘에 대한 책 뭐가 좋을까?,모두의 딥러닝
고전 철학사에 관한 책 뭐가 좋을까?,A History of Western Philosophy
고대 동아시아에 관한 책 뭐가 좋을까?,손자병법
음악사에 관한 책 뭐가 좋을까?,음악의 역사
고대 철학에 대한 책 추천해줘,The History of Western Philosophy
양자 물리학 이론에 대한 책 뭐가 좋을까?,QED: The Strange Theory of Light and Matter
고대 로마 문화에 대한 책 뭐가 좋아?,SPQR: A History of Ancient Rome
고대 서아시아 문명에 관한 책 추천해줘,The Epic of Gilgamesh
현대 심리학에 관한 책 추천해줘,"Thinking, Fast and Slow"
현대 영화 이론에 대한 책 추천해줄래?,영화 이론: 현대의 이론과 실제
고대 아프리카 문명에 관한 책 뭐가 좋을까?,The Lost Cities of Africa
사회 심리학에 대한 책 추천해줘,사회적 동물
일본 문화에 관한 책 뭐가 좋을까?,The Japanese Mind: Understanding Contemporary Japanese Culture
화학 원리에 관한 책 뭐가 좋아?,Chemistry: The Central Science
IT 보안에 대한 책 추천해줘,Hacking: The Art of Exploitation
예술사에 대한 책 뭐가 좋을까?,예술의 이해
중세 유럽 역사에 대한 책 뭐가 좋아?,The Time Traveler's Guide to Medieval England
현대 교육 시각,"""Creative Schools: The Grassroots Revolution That's Transforming Education"""
러시아 역사에 관한 책 뭐가 좋아?,A History of Russia
현대 수학에 관한 책 뭐가 좋아?,수학의 미래
법학에 관한 책 뭐가 좋아?,법과 사회
한국 전통 민속민속예절에 관한 책 추천해줄래?,한국 민속 대사전
고대 오세아니아 역사에 관한 책 뭐가 좋을까?,On the Road of the Winds: An Archaeological History of the Pacific Islands Before European Contact
고대 남유럽 역사에 관한 책 뭐가 좋아?,The History of the Ancient World
현대 신경과학에 관한 책 뭐가 좋아?,The Tell-Tale Brain
고대 폴리네시아 문명에 대한 책 추천해줘,Hawaiki: Ancestral Polynesia
사회학 이론에 관한 책 추천해줄래?,Sociological Theory
고대 아즈텍 문명에 관한 책 뭐가 좋을까?,The Broken Spears: The Aztec Account of the Conquest of Mexico
현대 무용에 관한 책 뭐가 좋을까?,The Art of Movement
의학에 관한 책 추천해줄래?,인체의 비밀
현대 웹 디자인에 대한 책 추천해줄래?,Responsive Web Design with HTML5 and CSS3
현대 전자기기 디자인에 대한 책 뭐가 좋아?,The Design of Everyday Things
중국 철학에 관한 책 추천해줄래?,도덕경
인도 철학에 관한 책 추천해줄래?,The Upanishads
북유럽 신화에 관한 책 추천해줄래?,북유럽 신화
고대 북아메리카 역사에 관한 책 뭐가 좋을까?,1491: New Revelations of the Americas Before Columbus
생화학에 대한 책 뭐가 좋아?,Biochemistry: A Short Course
한국 전통 민속민속무용에 대한 책 뭐가 좋아?,한국 전통춤의 전승과 현장
생태학에 대한 책 추천해줘,Ecology: Concepts and Applications
고대 중국 역사에 관한 책 추천해줘,The Early Chinese Empires: Qin and Han
중국 철학에 대한 책 추천해줘,도덕경
교육학 입문서 뭐가 좋아?,교육의 본질
북극 탐험에 관한 책 추천해줄래?,The Worst Journey in the World
동남아시아 문화에 관한 책 추천해줄래?,Southeast Asia: An Introductory History
로마 제국에 관한 책 뭐가 좋을까?,SPQR: A History of Ancient Rome
고대 미술에 관한 책 뭐가 좋을까?,The Art of Ancient Egypt
고대 북유럽 문명에 관한 책 추천해줘,The Viking Age: A Reader
고대 남아메리카 역사에 관한 책 추천해줘,1491: New Revelations of the Americas Before Columbus
세계사 개론서 뭐가 좋을까?,세계사 편력
한국 산업에 관한 책 추천해줘,The Korean Economy: From Growth to Maturity
한국 전통 민속철학에 관한 책 추천해줄래?,한국민속의 세계
고대 스칸디나비아 문명에 대한 책 추천해줘,The Viking Age: A Reader
한국 전통 민속설화에 대한 책 뭐가 좋아?,삼국유사
고대 문학에 관한 책 뭐가 좋을까?,고대문학 이야기
현대 디자인에 대한 책 추천해줄래?,디자인의 역사
한국 전통 공예에 대한 책 뭐가 좋아?,한국의 전통 민속공예
고대 아메리카 문화에 관한 책 추천해줄래?,1491: New Revelations of the Americas Before Columbus
사회 구조에 관한 책 추천해줄래?,사회의 구조와 변동
현대 윤리에 관한 책 뭐가 좋아?,"""윤리의 본질"""
인간 관계에 대한 책 뭐가 좋을까?,인간관계론
프랑스 문학에 대한 책 추천해줘,프랑스 문학 산책
고대 인도 문명에 관한 책 뭐가 좋을까?,The Wonder That Was India
현대 해양학에 관한 책 뭐가 좋을까?,Essentials of Oceanography
현대 예술에 관한 책 추천해줄래?,현대 예술: 이해의 키워드
한국 전통 놀이에 대한 책 뭐가 좋아?,안동문화로 보는 한국학
고대 중앙아시아 역사에 관한 책 뭐가 좋을까?,The Lost Heart of Asia
물리 화학에 관한 책 뭐가 좋아?,이공학도를 위한 물리화학
현대 정치에 관한 책 추천해줄래?,정치의 과학
사회 변화에 대한 책 뭐가 좋아?,Sociology: Social Structure and Change
빅데이터 분석에 대한 책 뭐가 좋을까?,빅 데이터: 데이터가 만드는 미래
고대 마그레브 문명에 대한 책 추천해줄래?,The Berbers: The Peoples of Africa
철학적 사조에 관한 책 뭐가 좋아?,철학의 문제들
독일 문학에 대한 책 뭐가 좋아?,독일 문학사
고대 그리스 역사에 대한 책 뭐가 좋아?,The History of the Ancient World
현대 환경과학에 관한 책 뭐가 좋아?,Silent Spring
한국 전통 민속주에 대한 책 뭐가 좋아?,한국 전통 민속주
중세 역사에 관한 책 추천해줄래?,The Time Traveller's Guide to Medieval England
고전 문학에 관한 책 추천해줄래?,The Western Canon
환경 기술에 대한 책 뭐가 좋을까?,Sustainable Energy - Without the Hot Air
고대 서아시아 역사에 관한 책 추천해줘,The Epic of Gilgamesh
현대 사회학 이론에 관한 책 뭐가 좋아?,현대사회학 이론
연극 예술에 관한 책 뭐가 좋을까?,한국연극과 드라마투르기
한국 전통 민속민속사상에 관한 책 추천해줄래?,한국의 민속사상
유럽 경제사에 대한 책 뭐가 좋을까?,The Birth of the West
영국 역사에 관한 책 추천해줄래?,The Shortest History of England
해양 생물학에 관한 책 뭐가 좋아?,The Soul of an Octopus
한류에 관한 책 추천해줘,The Korean Wave: Korean Media Go Global
천문학 입문서 뭐가 좋을까?,코스모스
고대 메소포타미아에 관한 책 뭐가 좋을까?,The Epic of Gilgamesh
세계 예술사에 대한 책 뭐가 좋아?,The Story of Art
현대 제품 디자인에 대한 책 추천해줄래?,내일의 디자인
유럽 역사에 대한 책 뭐가 좋아?,Europe: A History
사진 역사에 관한 책 뭐가 좋을까?,The History of Photography: From 1839 to the Present
양자 물리에 대한 책 뭐가 좋을까?,Quantum Physics for Beginners
디지털 미디어에 관한 책 뭐가 좋아?,디지털 마케팅 전략 가이드
기후 변화 정책에 관한 책 뭐가 좋아?,This Changes Everything: Capitalism vs. The Climate
한국 교육에 대한 책 뭐가 좋아?,시대로 보는 한국교육사
현대 소프트웨어 디자인에 대한 책 뭐가 좋을까?,Clean Architecture: A Craftsman's Guide to Software Structure and Design
기계공학에 관한 책 뭐가 좋아?,Engineering Mechanics: Dynamics
미국 문학에 대한 책 뭐가 좋아?,American Literature: A Very Short Introduction
문학 이론에 대한 책 뭐가 좋아?,Literary Theory: An Introduction
중세 철학에 대한 책 뭐가 좋아?,The Dream of Reason
고대 경제에 대한 책 추천해줘,The Ancient Economy
사회 문제에 대한 책 추천해줘,Evicted: Poverty and Profit in the American City
환경 정책에 대한 책 뭐가 좋을까?,지구를 지켜라
현대 경제에 관한 책 뭐가 좋아?,장하준의 경제학 강의
정치 이론에 관한 책 뭐가 좋아?,진보와 보수의 12가지 이념
경영 혁신에 대한 책 추천해줘,혁신의 DNA
한국 전통 사상에 관한 책 추천해줘,한국의 사상
로봇 윤리에 대한 책 뭐가 좋을까?,로봇 윤리
도시 사회학에 관한 책 뭐가 좋을까?,도시의 사회학
기후 변화에 대한 책 추천해줘,The Uninhabitable Earth: Life After Warming
사회 혁신에 대한 책 뭐가 좋아?,사회적 기업가 정신
생명 윤리에 대한 책 추천해줘,The Immortal Life of Henrietta Lacks
생태학에 관한 책 추천해줄래?,The Sixth Extinction: An Unnatural History
아프리카 역사에 관한 책 뭐가 좋아?,Africa: A Biography of the Continent
고대 유럽 문명에 관한 책 추천해줘,The Birth of the West
고전 철학에 관한 책 뭐가 좋을까?,국가
세계 정치사에 관한 책 뭐가 좋아?,세계정치의 이해
환경 과학에 대한 책 추천해줘,The Sixth Extinction: An Unnatural History
고대 서아프리카 문명에 관한 책 뭐가 좋을까?,West Africa before the Colonial Era: A History to 1850
아시아 문화에 관한 책 뭐가 좋을까?,The Art of Not Being Governed
한국 전통 의례에 대한 책 뭐가 좋아?,한국의 의례
사진 이론에 관한 책 뭐가 좋을까?,Camera Lucida: Reflections on Photography
현대 문학사에 대한 책 뭐가 좋아?,현대문학사
현대 문학에 관한,현대문학 이론
고대 이집트 문명에 관한 책 뭐가 좋아?,The Rise and Fall of Ancient Egypt
동양 철학에 대한 책 뭐가 좋아?,The Tao of Pooh
철학적 윤리에 대한 책 추천해줘,The Nicomachean Ethics
환경 과학에 대한 책 뭐가 좋아?,The Sixth Extinction: An Unnatural History
디지털 경제에 관한 책 추천해줄래?,The Second Machine Age
프랑스 문학에 관한 책 추천해줄래?,프랑스 문학 산책
스페인 역사에 관한 책 추천해줄래?,The Battle for Spain: The Spanish Civil War 1936-1939
음악 창작에 관한 책 뭐가 좋을까?,Tunesmith: Inside the Art of Songwriting
양자 컴퓨팅에 대한 책 뭐가 좋을까?,Quantum Computing for Computer Scientists
미국 역사에 대한 책 뭐가 좋아?,A People's History of the United States
고대 수메르 문명에 관한 책 뭐가 좋을까?,"The Sumerians: Their History, Culture, and Character"
현대 드론 디자인에 대한 책 뭐가 좋아?,Building Your Own Drones: A Beginners' Guide to UAVs and ROVs
기후 변화에 관한 책 뭐가 좋아?,2050 거주불능 지구
현대 사회학에 관한 책 뭐가 좋아?,사회학: 이해와 적용
미국 역사에 대한 책 추천해줘,A People's History of the United States
현대 의학에 관한 책 뭐가 좋을까?,The Emperor of All Maladies: A Biography of Cancer
한국 전통 민속놀이에 대한 책 뭐가 좋을까?,한국민속종합조사보고서 30 (불교민속놀이편)
환경 과학 이론에 대한 책 추천해줘,Silent Spring
정신분석학에 대한 책 추천해줄래?,꿈의 해석
고대 슬라브 문명에 대한 책 추천해줘,The World of the Ancient Slavs
고대 정치에 대한 책 추천해줄래?,정치의 원형을 찾아서 : 고대 그리스 정치
고대 문명에 관한 책 추천해줘,The History of the Ancient World
한국 전통 민속관습에 관한 책 추천해줄래?,한국의 민속과 전통
고대 북아메리카 문명에 관한 책 뭐가 좋을까?,1491: New Revelations of the Americas Before Columbus
현대 데이터 시각화에 대한 책 뭐가 좋을까?,Storytelling with Data
고대 메소아메리카 문명에 대한 책 추천해줄래?,The Maya: Ancient Peoples and Places
고대 켈트 문명에 관한 책 뭐가 좋을까?,The Celtic World
현대 음악에 대한 책 뭐가 좋을까?,작곡가 이건용의 현대음악강의
중세 철학에 관한 책 뭐가 좋을까?,처음 읽는 중세철학
기후 변화에 대한 책 뭐가 좋아?,2050 거주불능 지구
현대 기계공학에 관한 책 뭐가 좋아?,Mechanical Engineering for the Curious
동양 예술에 관한 책 추천해줄래?,The Art of East Asia
동남아시아 역사에 관한 책 추천해줘,A History of Southeast Asia: Critical Crossroads
고대 예술에 대한 책 추천해줄래?,The Art of Ancient Egypt
고대 역사에 관한 책 뭐가 좋을까?,서양 고대사
고전 철학에 대한 책 뭐가 좋을까?,국가
현대 로봇 디자인에 대한 책 뭐가 좋을까?,"Robotics: Modelling, Planning and Control"
고대 카르타고 역사에 대한 책 추천해줘,Carthage Must Be Destroyed: The Rise and Fall of an Ancient Civilization
고대 아메리카 문명에 관한 책 뭐가 좋을까?,1491: New Revelations of the Americas Before Columbus
문화 인류학 입문서 뭐가 좋을까?,Cultural Anthropology: A Toolkit for a Global Age
한국 전통 문화에 관한 책 뭐가 좋아?,한국의 전통문화
이탈리아 문학에 관한 책 추천해줄래?,The Divine Comedy
언어학 입문서 뭐가 좋을까?,언어학 산책
종교 역사에 관한 책 뭐가 좋을까?,A History of God
음악 이론에 대한 책 뭐가 좋아?,Tonal Harmony
문화 인류학에 대한 책 추천해줘,Cultural Anthropology: A Perspective on the Human Condition
현대 심리학에 대한 책 뭐가 좋을까?,심리학 콘서트
한국 지리에 대한 책 뭐가 좋을까?,한국지리 이야기
고대 폴리네시아에 관한 책 뭐가 좋을까?,Hawaiki: Ancestral Polynesia
국제 정치에 대한 책 뭐가 좋을까?,International Relations
인도 철학에 관한 책 추천해줘,The Upanishads
한국 전통 가옥에 관한 책 추천해줄래?,한국의 전통가옥
지구 과학 이론에 관한 책 뭐가 좋아?,"The Story of Earth: The First 4.5 Billion Years, from Stardust to Living Planet"
음악 창작에 대한 책 뭐가 좋아?,Tunesmith: Inside the Art of Songwriting
기후 변화에 관한 책 추천해줄래?,The Uninhabitable Earth: Life After Warming
경제학에 대한 책 뭐가 좋아?,벌거벗은 경제학
한국 전통 민속신앙에 대한 책 뭐가 좋아?,한국의 민속신앙
중국 철학에 관한 책 뭐가 좋을까?,도덕경
한국 문화에 대한 책 뭐가 좋아?,"The Koreans: Who They Are, What They Want, Where Their Future Lies"
과학 철학에 대한 책 추천해줘,The Structure of Scientific Revolutions
고대 문학에 대한 책 추천해줄래?,The Epic of Gilgamesh
한국 역사에 대한 책 뭐가 좋을까?,"A History of Korea: From ""Land of the Morning Calm"" to States in Conflict"
한국 전통 철학에 대한 책 뭐가 좋아?,한국철학사상사
인공지능 알고리즘에 대한 책 뭐가 좋을까?,Artificial Intelligence: A Modern Approach
고대 메소포타미아 문화에 관한 책 뭐가 좋을까?,The Ancient Near East: A History
음악 이론에 대한 책 추천해줘,Tonal Harmony
한국 전통 민속주택에 관한 책 추천해줘,한국전통건축의 주거공간과 전통한옥
한국 전통 구비문학에 관한 책 추천해줘,전통 구비문학과 근대 공연예술 1
과학 혁명에 관한 책 추천해줘,The Structure of Scientific Revolutions
비즈니스 전략에 대한 책 추천해줘,Good to Great
고대 중아메리카 문명에 관한 책 뭐가 좋아?,1491: New Revelations of the Americas Before Columbus
스페인 문학에 관한 책 뭐가 좋을까?,Don Quixote
남아시아 문화에 관한 책 추천해줄래?,The Argumentative Indian
미디어 문화에 대한 책 추천해줘,Understanding Media: The Extensions of Man
동아프리카 역사에 관한 책 추천해줄래?,A History of East Africa
문학 창작에 대한 책 뭐가 좋아?,유혹하는 글쓰기
고대 그리스 철학에 대한 책 추천해줘,The History of Western Philosophy
문화 인류학에 관한 책 뭐가 좋을까?,"Guns, Germs, and Steel"
스포츠 과학에 대한 책 뭐가 좋아?,The Sports Gene
현대 사회에 관한 책 뭐가 좋을까?,사회 동물
고대 아프리카 역사에 대한 책 뭐가 좋아?,Africa's Discovery of Europe
현대 미술에 대한 책 뭐가 좋을까?,현대미술의 이해
금융 관리에 대한 책 추천해줘,Financial Management: Theory & Practice
세계 문학사에 대한 책 뭐가 좋아?,세계문학사
연극 이론에 대한 책 추천해줘,The Empty Space
현대 예술 시각화에 대한 책 뭐가 좋을까?,현대 예술의 이해
도시 계획에 관한 책 추천해줄래?,미국 대도시의 죽음과 삶
한국 전통 민속윤리에 대한 책 뭐가 좋아?,한국철학사상사
사회심리학 입문서 뭐가 좋을까?,사회심리학
한국 전통 동화에 대한 책 뭐가 좋아?,김용택 선생님이 들려주는 동화 세트
예술사에 관한 책 뭐가 좋아?,The Story of Art
고전 문학에 관한 책 뭐가 좋을까?,고전을 이해하기
대기 과학에 관한 책 뭐가 좋아?,Atmospheric Science: An Introductory Survey
한국 전통 윤리에 대한 책 뭐가 좋을까?,한국의 전통윤리
러시아 문학에 대한 책 뭐가 좋을까?,War and Peace
한국 전통 전설에 관한 책 추천해줄래?,Korean Folk & Fairy Tales
심리 치료에 대한 책 추천해줘,현대 심리치료와 상담 이론
한국 역사에 관한 책 추천해줘,한국의 역사
한국 철학에 관한 책 추천해줘,한국철학입문
현대 문화에 관한 책 뭐가 좋을까?,현대문화론
심리학 이론에 대한 책 추천해줘,Psychology: A Very Short Introduction
현대 음악에 관한 책 추천해줄래?,작곡가 이건용의 현대음악강의
연극사에 대한 책 뭐가 좋아?,연극의 역사
국제 정치에 관한 책 추천해줄래?,세상을 바꾼 10가지 물건
인권에 관한 책 추천해줄래?,인권의 역사
물리학 실험에 관한 책 뭐가 좋아?,Exploring the World of Physics
현대 사진 예술에 대한 책 뭐가 좋아?,"""The Art of Photography: A Personal Approach to Artistic Expression"""
한국 전통 소설에 대한 책 뭐가 좋아?,한국 고전문학의 이해
현대 웨어러블 디자인에 대한 책 뭐가 좋아?,Wearable Technology Design
인간 심리에 관한 책 추천해줄래?,인간을 이해하는 심리학
심리학 연구에 대한 책 추천해줘,"Thinking, Fast and Slow"
고대 노르드 신화에 관한 책 뭐가 좋을까?,노르스 신화
현대 건축 이론에 관한 책 뭐가 좋아?,Complexity and Contradiction in Architecture
고대 남유럽 문명에 관한 책 뭐가 좋아?,The History of the Ancient World
현대 생명공학에 관한 책 뭐가 좋을까?,생명공학: 원리와 응용
고대 마야 문명에 관한 책 뭐가 좋을까?,The Maya: Ancient Peoples & Places
세계 철학에 대한 책 뭐가 좋아?,세계 철학사
미디어 이론에 대한 책 추천해줘,Understanding Media: The Extensions of Man
한국 전통 민속문학에 관한 책 추천해줘,한국의 민속문학
고대 동남아시아 문명에 대한 책 추천해줄래?,Southeast Asia: From Prehistory to History
우주 탐사에 관한 책 뭐가 좋아?,A Brief History of Time
고대 인도에 관한 책 뭐가 좋을까?,India: A History
인공지능 윤리에 대한 책 뭐가 좋을까?,인공 지능의 윤리
딥러닝 기술에 대한 책 뭐가,Deep Learning
한국 종교에 대한 책 뭐가 좋을까?,한국의 종교
현대 건축에 관한 책 뭐가 좋아?,The Architecture of Happiness
건축 역사에 대한 책 추천해줘,The Story of Architecture
문학 이론에 관한 책 뭐가 좋아?,Literary Theory: An Introduction
현대 예술사에 관한 책 뭐가 좋아?,현대 예술의 이해
영국 문학에 관한 책 추천해줘,The Oxford Companion to English Literature
고대 인도 역사에 대한 책 추천해줘,India: A History
고대 서아프리카 역사에 관한 책 뭐가 좋을까?,West Africa before the Colonial Era: A History to 1850
현대 기술에 관한 책 추천해줄래?,The Second Machine Age
생물학 입문서 뭐가 좋을까?,생명의 이해
윤리학에 대한 책 뭐가 좋아?,윤리의 문제
환경 과학 정책에 대한 책 뭐가 좋을까?,The Sixth Extinction: An Unnatural History
세계 경제사에 관한 책 추천해줄래?,부와 빈곤의 역사
수학 이론에 관한 책 뭐가 좋아?,수학이란 무엇인가
고전 건축에 관한 책 뭐가 좋을까?,Classical Architecture: The Poetics of Order
한국 정치사에 관한 책 뭐가 좋아?,한국 정치의 결정적 순간들
환경 과학에 대한 책 뭐가 좋을까?,The Sixth Extinction: An Unnatural History
한국 전통 민속가치관에 대한 책 뭐가 좋을까?,한국의 민속사상
한국 전통 민속민속주에 관한 책 추천해줄래?,한국 전통 민속주
고대 인도 문명에 관한 책 뭐가 좋아?,India: A History
경제 발전에 대한 책 추천해줘,사다리 걷어차기
고대 그리스에 관한 책 뭐가 좋을까?,The Peloponnesian War
한국 문화사에 관한 책 뭐가 좋아?,The Birth of Korean Cool
정치 철학에 대한 책 뭐가 좋을까?,정의란 무엇인가
고대 마야 문명에 대한 책 추천해줄래?,The Maya: Ancient Peoples & Places
고대 이집트 문명에 대한 책 추천해줘,The Rise and Fall of Ancient Egypt
현대 가구 디자인에 대한 책 뭐가 좋을까?,"Furniture Design: An Introduction to Development, Materials and Manufacturing"
고대 로마 역사에 대한 책 뭐가 좋을까?,SPQR: A History of Ancient Rome
동유럽 역사에 관한 책 추천해줄래?,"The Reconstruction of Nations: Poland, Ukraine, Lithuania, Belarus, 1569–1999"
고대 남아프리카 문명에 관한 책 추천해줘,The Lost Kingdoms of Africa
현대 문학에 대한 책 뭐가 좋아?,현대문학 이야기
중국 고전 문학에 관한 책 추천해줘,The Journey to the West
고대 아메리카 역사에 관한 책 추천해줄래?,1491: New Revelations of the Americas Before Columbus
지질학에 관한 책 뭐가 좋아?,The Earth: An Intimate History
스포츠 역사에 대한 책 추천해줘,The Boys in the Boat
현대 경제사에 대한 책 뭐가 좋아?,부와 빈곤의 역사
미생물학에 대한 책 뭐가 좋을까?,Brock Biology of Microorganisms
우주론에 대한 책 추천해줘,블랙홀과 우주론
한국 드라마에 대한 책 뭐가 좋아?,The Birth of Korean Cool
신경 네트워크에 대한 책 뭐가 좋을까?,핸즈온 머신러닝
한국 환경에 대한 책 뭐가 좋아?,한국의 환경문제
비즈니스 전략에 관한 책 뭐가 좋을까?,Good to Great
한국 전통 음악에 관한 책 추천해줘,한국 전통음악의 선율 구조
심리 실험에 대한 책 뭐가 좋을까?,생각에 관한 생각
문학사에 대한 책 뭐가 좋아?,세계문학사
현대 인터랙션 디자인에 대한 책 뭐가 좋을까?,About Face: The Essentials of Interaction Design
프랑스 역사에 대한 책 좋은 거 있어?,A History of France
화학 실험 이론에 관한 책 뭐가 좋아?,The Golden Book of Chemistry Experiments
현대 기술에 관한 책 뭐가 좋을까?,The Second Machine Age
고대 중남미 역사에 대한 책 뭐가 좋아?,1491: New Revelations of the Americas Before Columbus
현대 시스템 디자인에 대한 책 추천해줄래?,Systems Design Interview: An Insider's Guide
고대 서유럽 역사에 관한 책 뭐가 좋을까?,The Birth of the West
고대 그리스 철학에 대한 책 뭐가 좋을까?,The History of Western Philosophy
고대 발칸 문명에 대한 책 추천해줄래?,The Balkans: A Short History
지리학 입문서 뭐가 좋을까?,지리의 힘
물리학 입문서 뭐가 좋아?,시간의 역사
고대 동아시아 문화에 관한 책 뭐가 좋을까?,The Culture of War in China: Empire and the Military under the Qing Dynasty
현대 생물학에 관한 책 뭐가 좋을까?,The Gene: An Intimate History
고대 아시아 문명에 관한 책 뭐가 좋을까?,
물리학 원리에 관한 책 뭐가 좋아?,시간의 역사
고대 그리스 철학에 관한 책 추천해줘,The History of Western Philosophy
고대 문명에 대한 책 뭐가 좋아?,"""총, 균, 쇠"""
생태학에 관한 책 뭐가 좋아?,The Sixth Extinction: An Unnatural History
종교 철학에 관한 책 추천해줄래?,The God Delusion
철학 입문서 추천해줘,철학은 어떻게 살 것인가
고전 문학에 대한 책 추천해줘,The Western Canon
사이버 보안에 대한 책 뭐가 좋을까?,Cybersecurity For Dummies
환경 문제 해결에 대한 책 뭐가 좋을까?,2050 거주불능 지구
연극 이론에 관한 책 뭐가 좋을까?,연극의 이해
데이터 과학에 대한 책 뭐가 좋을까?,Data Science for Business
철학적 논리에 대한 책 추천해줘,Tractatus Logico-Philosophicus
한국 전통에 대한 책 뭐가 좋아?,Korea Old and New: A History
고대 중앙아프리카 역사에 관한 책 뭐가 좋아?,African Kingdoms: An Encyclopedia of Empires and Civilizations
컴퓨터 과학에 대한 책 뭐가 좋을까?,컴퓨터 사이언스(개정판) : 새내기를 위한 최신 컴퓨터 개론
고대 오세아니아 문명에 대한 책 추천해줘,The Pacific: In the Wake of Captain Cook
현대 천문학에 관한 책 뭐가 좋아?,Cosmos
고대 미노아 문명에 대한 책 추천해줘,The Minoan World
한국 음식에 대한 책 뭐가 좋아?,Korean Home Cooking
음악사에 대한 책 추천해줘,The Rest Is Noise: Listening to the Twentieth Century
고전 문헌학에 관한 책 뭐가 좋을까?,Classical Philology: A Handbook
고대 서유럽 문명에 관한 책 뭐가 좋을까?,The Birth of the West
디지털 미디어에 관한 책 추천해줄래?,Digital Media and Society
한국 경제에 대한 책 뭐가 좋을까?,지속 불가능 대한민국
나노 기술에 대한 책 뭐가 좋을까?,Nanotechnology: A Gentle Introduction to the Next Big Idea
현대 건축에 대한 책 뭐가 좋을까?,The Future of Architecture in 100 Buildings
한국 문학에 관한 책 뭐가 좋을까?,The Vegetarian
데이터 과학에 대한 책 뭐가 좋아?,Data Science for Business
고대 아라비아에 관한 책 뭐가 좋을까?,아랍인의 역사
미술사에 대한 책 뭐가 좋아?,The Story of Art
사회 운동에 대한 책 추천해줘,Rules for Radicals
교육학에 대한 책 뭐가 좋아?,교육의 비밀
과학 철학에 관한 책 뭐가 좋아?,The Structure of Scientific Revolutions
스페인 문학에 대한 책 추천해줄래?,Don Quixote
심리학 기초에 대한 책 추천해줄래?,심리학의 기초
중국 역사에 관한 책 추천해줄래?,The Search for Modern China
한국 민주화에 대한 책 뭐가 좋아?,5·18 민주화운동
현대 서비스 디자인에 대한 책 뭐가 좋아?,지금 당장 실천하는 서비스 디자인 씽킹
고대 사회에 대한 책 추천해줄래?,The Dawn of Everything: A New History of Humanity
심리학에 대한 책 뭐가 좋을까?,사람을 이해하는 심리학
고대 인도 문명에 관한 책 추천해줘,The Wonder That Was India
인문학 개론서 추천해줘,인문학을 만나다
사회학에 대한 책 뭐가 좋아?,사회학: 이해와 적용
고대 북유럽 신화에 관한 책 뭐가 좋을까?,북유럽 신화
중국 철학에 관한 책 뭐가 좋아?,도덕경
미국 정치에 관한 책 뭐가 좋아?,Fear: Trump in the White House
민속학에 관한 책 뭐가 좋아?,민속학의 이해
고대 중동 문명에 관한 책 뭐가 좋을까?,A History of the Ancient Near East
패션 디자인에 대한 책 뭐가 좋을까?,The Fashion Designer Survival Guide
세계 경제 정책에 관한 책 뭐가 좋아?,세계는 평평하다
현대 철학에 대한 책 뭐가 좋아?,정의란 무엇인가
한국 전통 건축에 대한 책 뭐가 좋을까?,Korean Architecture: Breathing with Nature
현대 UI 디자인에 대한 책 뭐가 좋아?,Don't Make Me Think: A Common Sense Approach to Web Usability
고대 언어에 대한 책 추천해줘,"The Horse, the Wheel, and Language: How Bronze-Age Riders from the Eurasian Steppes Shaped the Modern World"
데이터 분석에 대한 책 뭐가 좋을까?,Data Science for Business
비평 이론에 관한 책 추천해줄래?,문화와 비평
심리치료에 대한 책 추천해줘,Feeling Good: The New Mood Therapy
가상 현실 기술에 대한 책 뭐가 좋을까?,Ready Player One
문예 비평에 대한 책 뭐가 좋아?,문학비평의 이해와 활용
고대 잉카 문명에 대한 책 추천해줄래?,The Last Days of the Incas
프랑스 혁명에 대한 책 추천해줘,The French Revolution: A Very Short Introduction
고대 종교에 대한 책 추천해줄래?,The History of God
고대 페르시아 역사에 관한 책 뭐가 좋을까?,고대 페르시아의 역사
천문학에 대한 책 뭐가 좋을까?,코스모스
사회학 이론에 관한 책 뭐가 좋아?,사회학: 이해와 적용
미술 이론에 대한 책 뭐가 좋아?,미술의 이해
현대 건축에 대한 책 뭐가 좋아?,Modern Architecture: A Critical History
고전 음악사에 관한 책 뭐가 좋을까?,The Classical Music Book
고대 중국 역사에 관한 책 추천해줄래?,The Early Chinese Empires: Qin and Han
고대 이집트에 대한 책 뭐가 좋아?,The Rise and Fall of Ancient Egypt
한국 전통 민속구비문학에 대한 책 뭐가 좋아?,한국의 민속구비문학
고대 북유럽에 관한 책 뭐가 좋을까?,The Vikings: A History
현대 과학 기술에 관한 책 뭐가 좋아?,옥스퍼드 과학사
전쟁 역사에 관한 책 뭐가 좋을까?,전쟁과 평화
한국 전통 민속민담에 관한 책 추천해줘,한국의 신화
현대 심리학에 관한 책 뭐가 좋아?,"Thinking, Fast and Slow"
동아시아 문화에 관한 책 추천해줄래?,"The Culture of East Asia: The Civilization of China, Japan and Korea"
음악 이론에 관한 책 뭐가 좋아?,Tonal Harmony
건축 디자인에 대한 책 추천해줘,The Architecture of Happiness
한국 전통 민속민속공예에 관한 책 추천해줘,한국의 전통 민속공예
고대 북유럽 역사에 관한 책 추천해줘,The Sea Wolves: A History of the Vikings
한국 전통 설화에 관한 책 추천해줘,한국의 설화
사회 경제학에 대한 책 추천해줘,Economics of the Public Sector
심리학 실험에 대한 책 추천해줘,"Thinking, Fast and Slow"
디지털 사회에 관한 책 추천해줄래?,The Shallows: What the Internet Is Doing to Our Brains
한국 전통 민속에 대한 책 뭐가 좋을까?,한국의 민속과 전통
생물 다양성에 관한 책 추천해줄래?,생명의 다양성
고대 페르시아에 관한 책 뭐가 좋을까?,고대 페르시아의 역사
생태 윤리에 대한 책 추천해줘,침묵의 봄
사회 발전에 관한 책 추천해줄래?,국가는 왜 실패하는가
문예 사조에 대한 책 뭐가 좋아?,한국 문예사조사
미디어 경제에 대한 책 추천해줘,The Economics of Attention
미국 역사에 관한 책 뭐가 좋아?,A People's History of the United States
미디어 사회에 대한 책 추천해줘,미디어의 사회이론
현대 조각 예술에 대한 책 추천해줄래?,현대 조각: 그 전통과 혁신
근현대사에 관한 책 뭐가 좋아?,세계의 충돌
의학 연구에 관한 책 뭐가 좋을까?,의학 연구를 위한 통계학
고대 철학에 관한 책 뭐가 좋을까?,The History of Western Philosophy
생명공학에 대한 책 뭐가 좋을까?,생명공학의 이해
중국 역사에 관한 책 뭐가 좋을까?,The Search for Modern China
남아프리카 역사에 관한 책 추천해줄래?,The Lost Kingdoms of Africa
고대 중아메리카 역사에 관한 책 뭐가 좋아?,1491: New Revelations of the Americas Before Columbus
전쟁사에 관한 책 뭐가 좋을까?,전쟁과 평화
심리학 이론에 대한 책 추천해줄래?,Psychology: The Science of Mind and Behavior
현대 건축사에 관한 책 뭐가 좋아?,The Story of Architecture
세계 정치 경제에 관한 책 뭐가 좋아?,세계질서
고대 이집트 예술에 대한 책 뭐가 좋아?,The Art of Ancient Egypt
현대 스마트기기 디자인에 대한 책 뭐가 좋을까?,Wearable Technology Design
유럽 정치에 대한 책 뭐가 좋아?,Europe: The Struggle for Supremacy
우주 탐사에 대한 책 뭐가 좋아?,A Brief History of Time
현대 미술에 관한 책 뭐가 좋을까?,현대 미술의 이해
한국 전통 민속사상에 대한 책 뭐가 좋아?,한국의 민속사상
생물학에 관한 책 뭐가 좋을까?,생명의 이해
한국 디자인에 대한 책 뭐가 좋을까?,The History of Korean Design
교육 철학에 관한 책 뭐가 좋을까?,교육의 철학
천문학에 관한 책 추천해줄래?,Cosmos
현대 그래픽 디자인에 대한 책 뭐가 좋아?,타이포그라픽 디자인
패션 역사에 대한 책 뭐가 좋아?,The Fashion Book
한국 전통 예술에 관한 책 뭐가 좋아?,"Korean Art from 1953: Collision, Innovation, Interaction"
유럽 문화에 대한 책 뭐가 좋을까?,Europe: A History
한국 경제사에 관한 책 뭐가 좋아?,지속 불가능 대한민국
현대 정보 디자인에 대한 책 추천해줄래?,정보 디자인 교과서
고고학에 관한 책 추천해줄래?,세상 모든 것의 기원
고대 중동 역사에 관한 책 뭐가 좋을까?,A History of the Ancient Near East
현대 물리학에 관한 책 뭐가 좋을까?,시간의 역사
바이오테크놀로지에 관한 책 뭐가 좋을까?,바이오테크 시대
한국 인물에 관한 책 추천해줄래?,한국의 위대한 인물들
고대 그리스 문명에 관한 책 추천해줄래?,고대 그리스사
한국 전통 민속의상에 관한 책 추천해줄래?,조선시대 우리옷 한복 이야기
경제학 이론에 대한 책 추천해줘,벌거벗은 경제학
디자인 이론에 대한 책 추천해줘,The Design of Everyday Things
한국 전통 민속민속음식에 대한 책 뭐가 좋을까?,한국의 전통 음식
문학 비평에 대한 책 추천해줘,How to Read Literature Like a Professor
현대 정치학에 대한 책 뭐가 좋아?,Politics For Dummies
고대 유럽 문명에 관한 책 뭐가 좋을까?,The Birth of the West
현대 문학에 관한 책 뭐가 좋아?,현대문학의 이해
인류학에 대한 책 뭐가 좋아?,사피엔스
현대 인테리어 디자인에 대한 책 뭐가 좋아?,The Interior Design Reference & Specification Book
심리학 이론에 관한 책 뭐가 좋아?,"Thinking, Fast and Slow"
세계 역사에 대한 책 뭐가 좋아?,A Little History of the World
고대 중국 역사에 대한 책 뭐가 좋아?,The Early Chinese Empires: Qin and Han
정치학 입문서 추천해줘,Politics For Dummies
현대 사회학에 대한 책 뭐가 좋아?,사회학: 이해와 적용
생명 윤리에 대한 책 뭐가 좋을까?,생명의 질문
생태학 연구에 대한 책 뭐가 좋을까?,침묵의 봄
현대 언어학에 관한 책 뭐가 좋을까?,현대 언어학 이해
범죄학에 대한 책 뭐가 좋아?,범죄와의 전쟁
사회 운동에 관한 책 추천해줄래?,사회운동의 이해
지구 과학에 관한 책 뭐가 좋아?,The Earth: An Intimate History
현대 건축에 대한 책 추천해줘,Modern Architecture: A Critical History
생물 윤리에 대한 책 추천해줘,The Immortal Life of Henrietta Lacks
현대 로봇공학에 관한 책 뭐가 좋아?,Introduction to Robotics: Mechanics and Control
한국 전통 민속생활에 대한 책 뭐가 좋을까?,한국의 전통 생활문화
신경과학에 관한 책 뭐가 좋아?,The Tell-Tale Brain
아프리카 역사에 관한 책 추천해줄래?,The Lost Kingdoms of Africa
한국 음식에 관한 책 추천해줄래?,"""한국 전통음식(궁중음식, 반가음식, 향토음식, 시절음식)"""
음악 미학에 대한 책 뭐가 좋아?,The Study of Orchestration
한국 과학에 관한 책 추천해줄래?,The Physics of Everyday Things
프랑스 혁명에 관한 책 뭐가 좋아?,레 미제라블
현대 연극에 대한 책 뭐가 좋을까?,연극의 역사
한국 전통 민속놀이에 관한 책 추천해줄래?,한국민속종합조사보고서 30 (불교민속놀이편)
고대 동아시아 문명에 관한 책 뭐가 좋아?,The Early Chinese Empires: Qin and Han
신경 과학에 대한 책 추천해줘,The Tell-Tale Brain
비즈니스 전략에 대한 책 뭐가 좋을까?,블루 오션 전략
디자인 이론에 대한 책 뭐가 좋아?,디자인의 디자인
고대 의학에 대한 책 추천해줘,The Emperor of All Maladies: A Biography of Cancer
심리 치료에 관한 책 추천해줄래?,Feeling Good: The New Mood Therapy
사진 예술에 대한 책 뭐가 좋아?,Understanding Exposure
한국 전통 종교에 대한 책 뭐가 좋을까?,Korean Shamanism: The Cultural Paradox
정치 철학에 대한 책 추천해줘,정의란 무엇인가
고대 지중해 문명에 대한 책 추천해줄래?,The Penguin Historical Atlas of Ancient Civilizations
한국 전통 민속민속생활에 관한 책 추천해줘,한국의 민속과 풍속
고대 남아메리카 문명에 관한 책 추천해줘,1491: New Revelations of the Americas Before Columbus
현대 정치에 관한 책 뭐가 좋을까?,Politics For Dummies
프랑스 혁명에 대한 책 뭐가 좋아?,레 미제라블
고대 스칸디나비아에 관한 책 뭐가 좋을까?,The Viking Age: A Reader
프랑스 역사에 관한 책 추천해줘,A History of France
프로그래밍 입문서 뭐가 좋아?,컴퓨터 사이언스(개정판) : 새내기를 위한 최신 컴퓨터 개론
고대 그리스 신화에 관한 책 뭐가 좋을까?,The Greek Myths
도덕 철학에 관한 책 추천해줘,The Nicomachean Ethics
세계 종교에 대한 책 뭐가 좋아?,세계의 종교
한국 전통 의식주에 대한 책 뭐가 좋을까?,한국의 전통주
미국 정치사에 관한 책 뭐가 좋을까?,The Making of America
사회 정의에 관한 책 추천해줄래?,정의란 무엇인가
고대 문명에 관한 책 뭐가 좋을까?,"""총, 균, 쇠"""
동남아시아 역사에 관한 책 추천해줄래?,A History of Southeast Asia: Critical Crossroads
현대 경제학에 대한 책 추천해줄래?,현대 경제의 이해
일본 문화에 대한 책 뭐가 좋을까?,Understanding Japan: A Cultural History
고대 로마에 대한 책 뭐가 좋아?,SPQR: A History of Ancient Rome
한국 전통 민속민속주택에 대한 책 뭐가 좋아?,한국의 전통가옥
한국 전통 생활에 관한 책 추천해줄래?,한국의 전통 생활문화
비즈니스 전략에 대한 책 뭐가 좋아?,블루 오션 전략
고대 켈트 문명에 대한 책 추천해줄래?,The Celts: A Very Short Introduction
고대 중앙아프리카 문명에 관한 책 뭐가 좋아?,African Kingdoms: An Encyclopedia of Empires and Civilizations
고대 문명에 대한 책 뭐가 좋을까?,"""총, 균, 쇠"""
고대 아프리카 문명에 대한 책 뭐가 좋을까?,The Lost Kingdoms of Africa
중국 문학에 대한 책 추천해줄래?,The Three-Body Problem
지구 환경에 관한 책 뭐가 좋아?,거주불능 지구 2050
현대 예술에 대한 책 추천해줄래?,현대 예술: 이해와 감상
한국 전통 민속철학에 대한 책 뭐가 좋을까?,한국철학사상사
중국 역사에 대한 책 뭐가 좋아?,The Search for Modern China
경제학 원리에 관한 책 뭐가 좋아?,경제학의 원리
사회학에 관한 책 추천해줄래?,사회학: 이해와 적용
한국 문학에 대한 책 뭐가 좋을까?,The Vegetarian
윤리학에 관한 책 뭐가 좋아?,정의란 무엇인가
한국 전통 예절에 관한 책 추천해줘,Korean Etiquette: A Guide to Good Manners
고대 문명 연구에 대한 책 뭐가 좋을까?,"""총, 균, 쇠"""
우주 탐사에 관한 책 추천해줄래?,A Brief History of Time
한국 전통 민속시에 대한 책 뭐가 좋을까?,한국의 민속과 전설
한국 전통 민속민속에 관한 책 추천해줘,한국의 민속과 풍속
생태학에 대한 책 뭐가 좋을까?,침묵의 봄
현대 경제에 대한 책 추천해줘,Capital in the Twenty-First Century
고전 음악에 대한 책 추천해줘,The Classical Music Book
음악 이론에 대한 책 뭐가 좋을까?,Tonal Harmony
프로그래밍에 관한 책 추천해줄래?,Clean Code: A Handbook of Agile Software Craftsmanship
기후 과학 이론에 관한 책 뭐가 좋아?,2050 거주불능 지구
독일 철학에 대한 책 뭐가 좋을까?,Being and Time
미국 역사에 대한 책 추천해줄래?,A People's History of the United States
고대 남아메리카 문명에 대한 책 추천해줘,1491: New Revelations of the Americas Before Columbus
재즈 음악에 관한 책 뭐가 좋을까?,The History of Jazz
일본 역사에 관한 책 뭐가 좋아?,국화와 칼
오세아니아 역사에 관한 책 추천해줄래?,The Pacific: In the Wake of Captain Cook
한국 전통 민속전설에 대한 책 뭐가 좋을까?,새롭게 만나는 한국 신화
중세 유럽 역사에 관한 책 뭐가 좋을까?,The Time Traveler's Guide to Medieval England
한국 자연에 관한 책 추천해줘,한국지리 이야기
한국 전통 민속무용에 관한 책 추천해줘, 한국무용의 미학
우주 탐사에 관한 책 뭐가 좋을까?,A Brief History of Time
러시아 문학에 관한 책 추천해줄래?,War and Peace
사회 혁신에 관한 책 추천해줄래?,사회적 기업가 정신
고대 중앙아시아 문명에 관한 책 뭐가 좋을까?,The Lost Heart of Asia
현대 사회 문제에 대한 책 뭐가 좋을까?,사회 동물
기후 과학에 관한 책 뭐가 좋아?,The Uninhabitable Earth: Life After Warming
현대 경제학에 관한 책 뭐가 좋아?,"""Economics: Principles, Problems, and Policies"""
심리학 입문서 추천해줘,Psychology: A Very Short Introduction
한국 영화에 관한 책 추천해줄래?,The Birth of Korean Cool
경제 이론에 대한 책 추천해줘,The Wealth of Nations
현대 심리치료에 관한 책 뭐가 좋아?,꿈의 해석
경영 전략에 대한 책 추천해줘,Good to Great
철학에 대한 책 뭐가 좋아?,철학의 위안
아프리카 역사에 대한 책 뭐가 좋을까?,아프리카의 역사
인도 역사에 대한 책 뭐가 좋을까?,India: A History
지속 가능한 발전에 관한 책 추천해줘,The Uninhabitable Earth: Life After Warming
디지털 혁신에 관한 책 추천해줄래?,The Innovator's Dilemma
소설 창작에 대한 책 뭐가 좋아?,유혹하는 글쓰기
고전 미술사에 관한 책 뭐가 좋을까?,미술의 이해
한국 전통 무용에 대한 책 뭐가 좋을까?,한국무용의 미학
인공지능에 대한 책 뭐가 좋아?,핸즈온 머신러닝
한국 전통 예술에 관한 책 추천해줄래?,"Korean Art from 1953: Collision, Innovation, Interaction"
고대 메소포타미아 역사에 관한 책 뭐가 좋을까?,Mesopotamia: The Invention of the City
한국 도시계획에 관한 책 추천해줄래?,The Death and Life of Great American Cities
미술 이론에 대한 책 추천해줘,The Story of Art
한국 전쟁에 대한 책 뭐가 좋을까?,The Coldest Winter: America and the Korean War
남아시아 역사에 관한 책 추천해줄래?,The Great Game: The Struggle for Empire in Central Asia
심리치료에 관한 책 추천해줄래?,꿈의 해석
현대 사회 문제에 관한 책 뭐가 좋을까?,사회적 동물
고대 스칸디나비아 역사에 관한 책 뭐가 좋아?,The Vikings: A History
세계 경제에 대한 책 뭐가 좋을까?,사다리 걷어차기
로봇공학에 대한 책 추천해줘,Introduction to Robotics: Mechanics and Control
중앙 아시아 역사에 관한 책 추천해줄래?,The Great Game: The Struggle for Empire in Central Asia
환경 생태학에 관한 책 추천해줄래?,Silent Spring
현대 예술에 대한 책 추천해줘,현대 예술의 이해
사회 정책에 대한 책 추천해줘,Social Policy: Theory and Practice
고대 히브리 문명에 관한 책 뭐가 좋을까?,The Bible Unearthed: Archaeology's New Vision of Ancient Israel and the Origin of Its Sacred Texts
사회학 입문서 추천해줘,사회학: 이해와 적용
스칸디나비아 신화에 대한 책 뭐가 좋을까?,The Norse Myths
고대 아프리카 문화에 관한 책 추천해줄래?,아프리카의 역사
고대 문학에 대한 책 뭐가 좋을까?,The Epic of Gilgamesh
자기계발에 관한 책 뭐가 좋아?,어떻게 말해줘야 할까
유럽 역사에 대한 책 뭐가 좋을까?,The Birth of the West
디자인 이론에 관한 책 추천해줄래?,디자인의 원리
고대 아메리카 문명에 대한 책 추천해줄래?,1491: New Revelations of the Americas Before Columbus
일본 문화에 관한 책 추천해줄래?,The Book of Tea
세계 문화사에 대한 책 뭐가 좋아?,Europe: A History
고대 그리스 역사에 관한 책 뭐가 좋아?,The History of the Ancient World
딥러닝에 대한 책 뭐가 좋을까?,Deep Learning
고대 아메리카에 관한 책 추천해줄래?,1491: New Revelations of the Americas Before Columbus
생명 과학 기술에 대한 책 뭐가 좋을까?,생명의 세계
사회 윤리에 대한 책 추천해줘,Justice: What's the Right Thing to Do?
고전 문학사에 관한 책 뭐가 좋을까?,The Western Canon: The Books and School of the Ages
고대 그리스 문학에 관한 책 뭐가 좋아?,The Oxford History of the Classical World: Greece and the Hellenistic World
환경 보호 정책에 대한 책 뭐가 좋을까?,거주불능 지구 2050
현대 인공지능 디자인에 대한 책 추천해줄래?,Artificial Intelligence: Structures and Strategies for Complex Problem Solving
세계 지리학에 대한 책 뭐가 좋아?,지리의 힘
고전 음악에 관한 책 뭐가 좋아?,The Classical Music Book
고대 문명 전반에 대한 책 추천해줘,The Story of Civilization
한국 전통 예술에 대한 책 추천해줄래?,"Korean Art from 1953: Collision, Innovation, Interaction"
생리학 입문서 추천해줄래?,Human Physiology: An Integrated Approach
고대 앙코르 문명에 대한 책 추천해줘,앙코르 이야기
미국 정치에 관한 책 추천해줘,Fear and Loathing on the Campaign Trail '72
천체 물리학에 관한 책 뭐가 좋아?,블랙홀과 우주론
대체 에너지에 관한 책 추천해줘,에너지 위기 어떻게 해결할까?
국제 정치에 대한 책 추천해줘,The Clash of Civilizations and the Remaking of World Order
오세아니아에 대한 책 뭐가 좋을까?,The Pacific: In the Wake of Captain Cook
심리학에 관한 책 뭐가 좋을까?,사람을 이해하는 심리학
중세 역사에 대한 책 추천해줘,The Time Traveler's Guide to Medieval England
의학 역사에 관한 책 추천해줄래?,The Emperor of All Maladies: A Biography of Cancer
경제학에 관한 책 뭐가 좋을까?,벌거벗은 경제학
고대 로마에 관한 책 뭐가 좋아?,SPQR: A History of Ancient Rome
유럽 연합에 관한 책 추천해줄래?,The European Union: A Very Short Introduction
세계 경제 이론에 관한 책 뭐가 좋아?,세계는 평평하다
러시아 문학에 관한 책 추천해줘,War and Peace
한국 전통 가치관에 관한 책 추천해줄래?,한국철학사상사
미술사에 대한 책 뭐가 좋을까?,미술의 이해
중국 문학에 관한 책 뭐가 좋아?,The Three-Body Problem
북아프리카 역사에 관한 책 추천해줄래?,The Lost Kingdoms of Africa
사회학 이론에 대한 책 추천해줘,Sociological Theory
중동 역사에 관한 책 뭐가 좋을까?,A Peace to End All Peace
현대 비즈니스에 관한 책 뭐가 좋아?,Good to Great
프랑스 정치에 관한 책 추천해줄래?,교육과 정치로 본 프랑스사
현대 종교에 관한 책 뭐가 좋을까?,세계 종교 둘러보기
가상 현실에 대한 책 뭐가 좋을까?,Ready Player One
사회 구조에 관한 책 뭐가 좋아?,사회학: 이해와 적용
패션 역사에 관한 책 뭐가 좋아?,The Fashion History Reader: Global Perspectives
현대 교육학에 관한 책 뭐가 좋아?,교육의 본질
한국 디자인에 관한 책 추천해줘,The History of Korean Design
지리학에 관한 책 뭐가 좋아?,지리의 힘
양자 이론에 대한 책 뭐가 좋을까?,Quantum: A Guide for the Perplexed
유럽 예술사에 대한 책 뭐가 좋을까?,The Story of Art
한국 예술에 관한 책 추천해줘,The Art of Korea: Highlights from the Collection of San Francisco's Asian Art Museum
현대 도시 디자인에 대한 책 뭐가 좋을까?,The Death and Life of Great American Cities
음악사에 대한 책 뭐가 좋아?,The Rest Is Noise: Listening to the Twentieth Century
미술사에 관한 책 뭐가 좋을까?,미술의 이해
현대 정치 문제에 대한 책 뭐가 좋을까?,The New Jim Crow: Mass Incarceration in the Age of Colorblindness
세계 건축사에 관한 책 뭐가 좋아?,The Story of Architecture
현대 문학에 대한 책 뭐가 좋을까?,이방인
현대 건축 이론에 대한 책 뭐가 좋을까?,현대 건축의 이해
인류학에 관한 책 뭐가 좋을까?,사피엔스
세계 종교사에 관한 책 뭐가 좋아?,세계의 종교 이해하기
유럽 철학사에 대한 책 뭐가 좋을까?,A History of Western Philosophy
의료 혁신에 대한 책 추천해줘,The Innovator's Prescription
한국 전통 민속동화에 관한 책 추천해줄래?,한국의 신화
천문학에 대한 책 뭐가 좋아?,코스모스
고전 문학 작품에 대한 책 추천해줘,고전문학 이야기
교육학 이론에 대한 책 뭐가 좋아?,교육의 본질
경제 정책에 대한 책 추천해줘,경제학 콘서트
남유럽 역사에 관한 책 추천해줄래?,The History of Southern Europe
심리 실험에 대한 책 추천해줘,생각에 관한 생각
한국 전통 민속민속시에 관한 책 추천해줘,한국의 민속과 전설
과학 혁명에 대한 책 추천해줘,The Structure of Scientific Revolutions
유럽 문화사에 대한 책 뭐가 좋을까?,Europe: A History
유럽 문학사에 대한 책 뭐가 좋을까?,A History of European Literature
현대 UX 디자인에 대한 책 뭐가 좋을까?,Don't Make Me Think: A Common Sense Approach to Web Usability
바이오테크놀로지에 대한 책 뭐가 좋아?,바이오테크 시대
현대 조명 디자인에 대한 책 뭐가 좋아?,조명 디자인: 공간 과 인간 을 위한 빛 의 대안
세계 경제에 관한 책 뭐가 좋아?,사다리 걷어차기
국제 경제에 관한 책 뭐가 좋아?,국제경제론
현대 미술에 대한 책 추천해줄래?,현대 미술: 이해와 감상
한국 정치에 관한 책 추천해줄래?,한국 정치의 결정적 순간들
현대 법학에 관한 책 뭐가 좋을까?,"""현대법학입문"""
현대 미술사에 관한 책 뭐가 좋아?,현대미술 이해하기
사회 과학에 대한 책 추천해줘,Sapiens: A Brief History of Humankind
고대 아시아 역사에 관한 책 뭐가 좋을까?,The Great Game: The Struggle for Empire in Central Asia
현대 교통 디자인에 대한 책 뭐가 좋을까?,움직이는 미래
기술 혁신에 관한 책 뭐가 좋을까?,The Innovator's Dilemma
고대 아틀란티스 전설에 대한 책 추천해줄래?,Atlantis: The Antediluvian World
현대 예술에 관한 책 뭐가 좋아?,현대 예술의 이해
핀란드 교육에 관한 책 추천해줘,Finnish Lessons 2.0: What Can the World Learn from Educational Change in Finland
고대 이집트 문명에 관한 책 뭐가 좋을까?,The Rise and Fall of Ancient Egypt
현대 과학에 관한 책 뭐가 좋아?,옥스퍼드 과학사
한국 정치에 관한 책 뭐가 좋아?,한국 정치의 결정적 순간들
한국 전통 민속음식에 관한 책 추천해줄래?,"""한국 전통음식(궁중음식, 반가음식, 향토음식, 시절음식)"""
한국 전통 음악에 대한 책 뭐가 좋을까?,한국 전통음악의 선율 구조
고대 중앙아시아 문명에 대한 책 추천해줄래?,The Lost Heart of Asia
로마 제국에 관한 책 추천해줄래?,SPQR: A History of Ancient Rome
한국 패션에 관한 책 추천해줄래?,The Birth of Korean Cool
한국 전통 민속민속가치관에 관한 책 추천해줘,한국의 민속과 문화
중앙 아프리카 역사에 관한 책 추천해줄래?,Africa's Discovery of Europe
고대 아프리카에 관한 책 추천해줄래?,The Lost Kingdoms of Africa
고대 로마 예술에 대한 책 뭐가 좋아?,The Art of Rome: c.753 BC-AD 337
음악 교육에 대한 책 뭐가 좋아?,음악교육의 기초(5판)
고전 음악에 관한 책 추천해줘,The Classical Music Book
문예 창작에 대한 책 뭐가 좋아?,유혹하는 글쓰기
현대 음악에 대한 책 뭐가 좋아?,작곡가 이건용의 현대음악강의
사회 변화에 대한 책 추천해줘,The Tipping Point
동양 철학에 대한 책 뭐가 좋을까?,동양철학입문
한국 건축에 대한 책 뭐가 좋아?,Korea Old and New: A History
고대 과학에 대한 책 추천해줄래?,The Story of Science: Aristotle Leads the Way
고대 히타이트 문명에 대한 책 추천해줄래?,The Kingdom of the Hittites
한국 미술에 대한 책 뭐가 좋을까?,The Art of Korea: Highlights from the Collection of San Francisco's Asian Art Museum
서남아시아 역사에 관한 책 추천해줄래?,A History of South East Asia
한국 전통 민속윤리에 관한 책 추천해줘,한국철학사상사
한국 독립운동에 관한 책 추천해줄래?,"""잊혀진 영웅들, 독립 운동가"""
물리학 이론에 관한 책 뭐가 좋아?,A Brief History of Time
현대 음악사에 관한 책 뭐가 좋을까?,작곡가 이건용의 현대음악강의
한국 전통 문학에 대한 책 뭐가 좋을까?,The History of Korean Literature
한국 전통 민속음악에 대한 책 뭐가 좋아?,한국 전통음악의 선율 구조
프랑스 역사에 대한 책 뭐가 좋아?,A History of France
한국 전통 축제에 관한 책 추천해줘,한국축제의 전통
인공지능 기술에 대한 책 뭐가 좋을까?,Artificial Intelligence: A Modern Approach
한국 현대사에 관한 책 뭐가 좋아?,한국의 근대
디지털 혁명에 관한 책 추천해줄래?,"The Innovators: How a Group of Hackers, Geniuses, and Geeks Created the Digital Revolution"
기술 혁신에 관한 책 추천해줄래?,The Innovator's Dilemma
한국 전통 민속,Korean Folk & Fairy Tales
지구 환경 변화에 관한 책 뭐가 좋아?,The Uninhabitable Earth: Life After Warming
인공지능 기술에 관한 책 뭐가 좋을까?,Artificial Intelligence: A Modern Approach
정치 이론에 대한 책 추천해줘,The Prince
세계 철학사에 대한 책 뭐가 좋아?,세계 철학사: 단행본
중국 역사에 관한 책 뭐가 좋아?,The Search for Modern China
자연 언어 처리에 대한 책 뭐가 좋을까?,자연어 처리를 위한 딥러닝
인공 지능에 대한 책 뭐가 좋을까?,"Superintelligence: Paths, Dangers, Strategies"
영화 이론에 대한 책 뭐가 좋아?,Film Art: An Introduction
고대 이집트에 대한 책 뭐가 좋을까?,The Rise and Fall of Ancient Egypt
고대 아프리카 역사에 관한 책 추천해줄래?,The Lost Kingdoms of Africa
세계 환경사에 관한 책 뭐가 좋아?,A World Made by Hand
한국 현대사에 관한 책 추천해줘,한국 현대사의 이해
고대 로마 역사에 대한 책 뭐가 좋아?,SPQR: A History of Ancient Rome
환경 문제에 관한 책 뭐가 좋을까?,거주불능 지구 2050
음악 분석에 대한 책 뭐가 좋아?,Tonal Harmony
디지털 기술에 관한 책 추천해줄래?,The Shallows: What the Internet Is Doing to Our Brains
환경 정책에 관한 책 뭐가 좋아?,This Changes Everything: Capitalism vs. The Climate
신화에 대한 책 추천해줘,신화의 역사
로봇 공학에 대한 책 뭐가 좋을까?,Introduction to Robotics: Mechanics and Control
고대 동유럽 문명에 관한 책 뭐가 좋아?,The Birth of the West
고대 북아프리카 역사에 관한 책 뭐가 좋아?,The Rise and Fall of Ancient Egypt
한국 전통 민속민속신앙에 관한 책 추천해줄래?,한국의 민속신앙
유럽 정치사에 대한 책 뭐가 좋을까?,Europe: A History
사회학에 관한 책 뭐가 좋아?,사회학: 이해와 적용
현대 지리학에 관한 책 뭐가 좋을까?,지리의 힘
음악 역사에 대한 책 뭐가 좋을까?,The Rest Is Noise: Listening to the Twentieth Century
과학 혁명에 관한 책 뭐가 좋아?,The Structure of Scientific Revolutions
건축 디자인에 대한 책 추천해줄래?,The Architecture of Happiness
사진 예술에 관한 책 뭐가 좋을까?,Understanding Exposure
현대 자동차 디자인에 대한 책 뭐가 좋을까?,H-Point: The Fundamentals of Car Design & Packaging
한국 전통 민속민속소설에 대한 책 뭐가 좋을까?,한국의 전통 민속 이야기
고대 일본 역사에 관한 책 뭐가 좋아?,일본의 고대사
경영학 이론에 대한 책 추천해줘,"Management: Tasks, Responsibilities, Practices"
미술 창작에 대한 책 뭐가 좋아?,"""미술 창작 동시대 미술의 형식과 의미"""
고대 남아시아 역사에 관한 책 뭐가 좋아?,The Wonder That Was India
한국 전통 민속민속음악에 관한 책 추천해줄래?,한국 전통음악의 선율 구조
고대 동아시아 역사에 관한 책 뭐가 좋아?,The Making of East Asia
아시아 문화에 대한 책 뭐가 좋을까?,Asia: A Concise History
기계 학습에 대한 책 뭐가 좋을까?,패턴 인식과 머신 러닝
예술 철학에 관한 책 추천해줄래?,The Story of Art
현대 정보 시각화에 대한 책 뭐가 좋아?,The Functional Art: An introduction to information graphics and visualization
과학 기술에 대한 책 추천해줘,"The Innovators: How a Group of Hackers, Geniuses, and Geeks Created the Digital Revolution"
스포츠 과학에 관한 책 추천해줄래?,The Sports Gene
생명과학에 대한 책 뭐가 좋을까?,생명의 세계
현대 예술사에 대한 책 뭐가 좋아?,현대 예술: 이해와 감상
디지털 예술에 관한 책 추천해줄래?,스마트폰 카메라로 프로처럼 찍는 법
철학적 논리에 관한 책 추천해줄래?,Tractatus Logico-Philosophicus
중세 역사에 대한 책 추천해줄래?,The Time Traveler's Guide to Medieval England
프랑스 혁명에 대한 책 뭐가 좋을까?,레 미제라블
고대 인도에 대한 책 뭐가 좋아?,The Wonder That Was India
미국 정치에 대한 책 뭐가 좋아?,Fear: Trump in the White House
현대 예술에 대한 책 뭐가 좋아?,현대 예술의 이해
고고학에 대한 책 뭐가 좋아?,세상 모든 것의 기원
고고학에 관한 책 추천해줘,세상 모든 것의 기원
문예 이론에 대한 책 뭐가 좋아?,문학비평의 이해와 활용
생명공학에 대한 책 뭐가 좋아?,바이오테크 시대
중동 역사에 관한 책 추천해줄래?,A Peace to End All Peace
한국 전통 민속민속관습에 대한 책 뭐가 좋을까?,한국의 민속과 전통
고대 남아프리카 역사에 관한 책 추천해줘,The Lost Kingdoms of Africa
종교 철학에 대한 책 뭐가 좋을까?,신의 존재를 찾아서
고대 로마 역사에 관한 책 뭐가 좋을까?,The History of the Decline and Fall of the Roman Empire
현대 철학에 관한 책 뭐가 좋을까?,현대의 철학
한국 전통 민속문학에 대한 책 뭐가 좋아?,한국의 신화
생태계 보존에 대한 책 뭐가 좋을까?,침묵의 봄
현대 생태학에 관한 책 뭐가 좋을까?,The Sixth Extinction: An Unnatural History
영화 제작에 대한 책 추천해줘,Making Movies
현대 과학 시각화에 대한 책 추천해줄래?,"""The Visual Display of Quantitative Information"""
중동 정치에 관한 책 추천해줄래?,A History of the Modern Middle East
환경 보호에 관한 책 추천해줄래?,침묵의 봄
생명 과학에 관한 책 추천해줄래?,The Selfish Gene
현대 하드웨어 디자인에 대한 책 뭐가 좋아?,Computer Organization and Design: The Hardware/Software Interface
중앙 아메리카 역사에 관한 책 추천해줄래?,The Lost City of the Monkey God
대중 문화에 대한 책 뭐가 좋을까?,대중문화 코드
한국 전통 민속민속의상에 대한 책 뭐가 좋을까?,조선시대 우리옷 한복 이야기
고대 오세아니아 문명에 관한 책 뭐가 좋을까?,The Pacific: In the Wake of Captain Cook
한국 문학에 관한 책 추천해줘,The Vegetarian
스페인 문학에 대한 책 뭐가 좋을까?,Don Quixote
언어학에 관한 책 뭐가 좋을까?,소쉬르의 일반언어학 강의 읽기
고전 문학에 대한 책 뭐가 좋을까?,고전문학을 다시 읽는다
현대 항공기 디자인에 대한 책 뭐가 좋아?,항공기 구조설계 실무(Aircraft Structure Design In Practice)
고대 아프리카 역사에 대한 책 추천해줘,Africa: A Biography of the Continent
연극 역사에 관한 책 뭐가 좋을까?,연극의 역사
현대 일본 문화에 관한 책 뭐가 좋아?,국화와 칼
미술사에 관한 책 추천해줄래?,The Story of Art
미디어 기술에 대한 책 추천해줘,Understanding Media: The Extensions of Man
언어학에 대한 책 추천해줘,소쉬르의 일반언어학 강의 읽기
고대 중유럽 역사에 관한 책 추천해줘,The Birth of the West
한국 전통 신앙에 관한 책 추천해줄래?,한국의 신화
고대 수학에 대한 책 추천해줘,The Crest of the Peacock: Non-European Roots of Mathematics
철학의 역사에 관한 책 추천해줄래?,A History of Western Philosophy
환경 문제에 대한 책 뭐가 좋을까?,거주불능 지구 2050
환경 보호에 관한 책 뭐가 좋을까?,거주불능 지구 2050
고대 인도에 관한 책 뭐가 좋아?,The Wonder That Was India
현대 철학사에 대한 책 뭐가 좋아?,A History of Western Philosophy
프랑스 문화에 관한 책 추천해줄래?,프랑스 문화 여행
현대 미술에 관한 책 뭐가 좋아?,현대미술의 이해
현대 산업 디자인에 대한 책 추천해줄래?,Design of the 20th Century
유럽 역사에 관한 책 추천해줄래?,Europe: A History
프랑스 문학에 관한 책 추천해줘,프랑스 문학 산책
장르 문학에 대한 책 추천해줄래?,장르의 장르
고대 그리스 예술에 대한 책 뭐가 좋아?,고대 그리스의 미술과 신화
로봇공학에 대한 책 뭐가 좋아?,Introduction to Robotics: Mechanics and Control
과학 혁명에 관한 책 뭐가 좋을까?,The Structure of Scientific Revolutions
라틴 아메리카 역사에 관한 책 추천해줄래?,Open Veins of Latin America: Five Centuries of the Pillage of a Continent
음식 문화에 대한 책 뭐가 좋을까?,식탁 위의 세계사
지구 과학에 관한 책 뭐가 좋을까?,지구의 비밀
현대 패션에 대한 책 뭐가 좋아?,The Little Dictionary of Fashion
한국 전통 민속축제에 대한 책 뭐가 좋을까?,한국의 민속과 축제
한국 전통 민속예절에 대한 책 뭐가 좋아?, 초등학교 교실 속 전통예절교육
법학 입문서 추천해줄래?,법과 사회
고대 인디언 문명에 관한 책 뭐가 좋을까?,1491: New Revelations of the Americas Before Columbus
현대 무용에 대한 책 추천해줄래?,The Art of Movement
고대 동유럽 역사에 관한 책 뭐가 좋아?,"The Reconstruction of Nations: Poland, Ukraine, Lithuania, Belarus, 1569–1999"
현대 교육에 관한 책 뭐가 좋아?,교육의 미래
고대 중유럽 문명에 관한 책 추천해줘,The Birth of the West
고대 노르딕 문명에 대한 책 추천해줘,The Viking Age: A Reader
현대 철학에 대한 책 뭐가 좋을까?,정의란 무엇인가
음악사에 대한 책 뭐가 좋을까?,음악의 이해
정치 이론에 대한 책 뭐가 좋아?,정의란 무엇인가
환경 윤리에 대한 책 추천해줘,Silent Spring
한국 전통 문화에 관한 책 추천해줘,Korea: The Impossible Country
러시아 문학에 관한 책 뭐가 좋아?,War and Peace
현대 예술에 관한 책 뭐가 좋을까?,The Shock of the New
정치 사상에 대한 책 추천해줘,The Prince
한국 전통 관습에 대한 책 뭐가 좋아?,초등학교 교실 속 전통예절교육
심리학 이론에 대한 책 뭐가 좋아?,심리학의 이해
도시 계획에 관한 책 뭐가 좋아?,The Death and Life of Great American Cities
고대 사하라 문명에 대한 책 추천해줘,The Lost Civilizations of the Stone Age
한국 전통 민속의례에 관한 책 추천해줘,한국의 민속과 풍속
인도 철학에 대한 책 뭐가 좋을까?,The Upanishads
서아시아 역사에 관한 책 추천해줄래?,A History of the Middle East
미디어 산업에 대한 책 추천해줘,The Master Switch: The Rise and Fall of Information Empires
한국 전통 민속공예에 대한 책 뭐가 좋을까?,한국의 전통 민속공예
해양학에 대한 책 뭐가 좋아?,Essentials of Oceanography
고대 일본 문화에 관한 책 추천해줘,The World of the Shining Prince: Court Life in Ancient Japan
한국 전통 시에 관한 책 추천해줄래?,한국 현대시와 문화전통
남미 문화에 대한 책 뭐가 좋아?,One Hundred Years of Solitude
일본 문학에 대한 책 뭐가 좋을까?,Norwegian Wood
영화 제작에 관한 책 뭐가 좋을까?,Making Movies
고대 북아프리카 문명에 대한 책 추천해줄래?,The Rise and Fall of Ancient Egypt
인간 관계에 관한 책 뭐가 좋을까?,인간관계론
고대 중동 역사에 대한 책 추천해줄래?,A History of the Ancient Near East
고대 로마 문명에 대한 책 뭐가 좋아?,SPQR: A History of Ancient Rome